none,1
none,3
none,5
none,7
none,9
none,11
none,13
none,15
none,17
none,19
none,21
none,23
none,25
none,27
none,29
none,31
none,33
none,35
none,37
none,39
none,41
none,43
none,45
none,47
none,49
none,51
none,53
none,55
none,57
none,59
none,77
none,81
none,117
none,135
none,137
none,139
none,145
none,149
none,151
none,153
game,155
game,157
game,159
game,161
game,163
game,165
game,171
game,175
game,177
game,179
game,181
game,183
game,185
game,187
game,189
game,191
game,195
game,197
game,199
game,201
game,203
game,205
game,207
game,209
game,211
game,213
game,215
game,217
game,221
game,227
game,239
game,241
game,245
game,251
game,255
game,259
game,261
game,265
game,267
game,269
game,273
game,275
game,279
game,283
game,285
game,287
game,291
game,295
game,299
game,303
game,307
game,309
game,311
game,313
game,317
game,321
game,323
game,325
game,327
game,331
game,335
game,337
game,341
game,345
game,347
game,349
game,351
game,353
game,355
game,357
game,361
game,363
game,365
game,369
game,375
game,379
game,381
game,385
game,387
game,389
game,393
game,397
game,399
game,403
game,407
game,409
game,413
game,417
game,419
game,423
game,427
game,429
game,431
game,435
game,437
game,439
game,441
game,445
game,447
game,449
game,467
game,471
game,475
game,479
game,481
none,485
none,487
none,489
none,491
none,493
none,497
none,499
none,503
none,505
none,509
none,511
none,513
none,517
none,519
none,521
none,525
none,527
none,529
none,533
none,535
none,539
none,541
none,543
none,545
none,551
none,553
none,555
none,559
none,561
none,563
none,565
none,567
none,569
none,573
none,575
none,577
none,581
none,583
none,585
none,589
none,591
none,593
none,595
none,599
none,601
none,605
none,607
none,609
none,613
none,615
none,619
none,621
none,625
none,627
none,631
none,633
none,635
none,637
none,641
none,643
none,645
none,661
none,665
none,677
none,679
none,683
none,685
none,693
none,697
none,699
none,703
none,705
none,707
none,709
none,711
none,715
none,717
none,721
none,731
none,735
none,737
none,747
none,757
none,765
none,767
none,769
none,777
none,783
none,785
none,797
replay,801
replay,803
replay,805
replay,807
replay,809
replay,817
replay,823
replay,829
replay,833
replay,837
replay,839
replay,843
replay,845
replay,849
replay,851
replay,855
replay,859
replay,863
replay,867
replay,871
replay,875
replay,879
replay,883
replay,887
replay,891
replay,895
replay,899
replay,903
replay,907
replay,911
replay,915
replay,919
replay,923
replay,927
replay,931
replay,935
replay,939
replay,941
replay,943
replay,945
replay,949
replay,953
replay,955
replay,959
replay,961
replay,965
replay,971
replay,979
replay,983
replay,989
replay,1003
replay,1005
replay,1007
replay,1011
replay,1013
replay,1019
replay,1025
replay,1029
replay,1033
replay,1035
replay,1039
replay,1041
replay,1045
replay,1047
replay,1049
replay,1051
replay,1053
replay,1057
replay,1061
replay,1063
replay,1067
replay,1069
replay,1071
replay,1073
replay,1077
replay,1079
replay,1085
replay,1089
replay,1093
replay,1097
replay,1101
replay,1103
replay,1107
replay,1111
replay,1115
replay,1119
replay,1123
replay,1127
replay,1129
replay,1131
replay,1135
replay,1137
replay,1141
replay,1145
replay,1149
replay,1153
replay,1157
replay,1161
replay,1165
replay,1169
replay,1173
replay,1177
replay,1181
replay,1185
replay,1189
replay,1193
replay,1197
replay,1201
replay,1205
replay,1207
replay,1209
replay,1211
replay,1213
replay,1215
replay,1217
replay,1219
replay,1221
none,1225
none,1227
none,1229
none,1231
none,1235
none,1239
none,1241
none,1245
none,1247
none,1249
none,1251
none,1253
none,1255
none,1257
none,1261
none,1267
none,1273
none,1279
none,1281
none,1327
game,1331
game,1333
game,1337
game,1341
game,1345
game,1351
game,1355
game,1357
game,1361
game,1365
game,1367
game,1371
game,1375
game,1381
game,1385
game,1389
game,1393
game,1395
game,1399
game,1403
game,1405
game,1409
game,1413
game,1415
game,1419
game,1423
game,1427
game,1431
game,1435
game,1439
game,1445
game,1451
game,1455
game,1459
game,1463
game,1465
game,1467
game,1471
game,1475
game,1479
game,1483
game,1487
game,1491
game,1495
game,1499
game,1503
game,1507
game,1511
game,1515
game,1519
game,1523
game,1527
game,1531
game,1535
game,1539
game,1543
game,1547
game,1551
game,1555
game,1559
game,1563
game,1567
game,1571
game,1575
game,1577
game,1581
game,1585
game,1589
game,1591
game,1595
game,1597
game,1601
game,1603
game,1607
game,1609
game,1615
game,1617
game,1621
game,1625
game,1629
game,1633
game,1637
game,1641
game,1645
game,1649
game,1651
game,1661
game,1669
game,1677
game,1685
game,1693
game,1701
game,1709
game,1717
none,1725
none,1727
none,1729
none,1735
none,1743
none,1749
none,1755
none,1761
none,1763
none,1767
none,1783
none,1787
none,1791
none,1793
none,1799
none,1801
game,1807
game,1809
game,1811
game,1813
game,1823
game,1847
game,1849
game,1851
game,1853
game,1855
game,1857
game,1859
game,1861
game,1863
game,1865
game,1873
game,1881
game,1889
game,1895
game,1899
game,1907
game,1915
game,1923
game,1931
game,1939
game,1945
game,1949
game,1953
game,1963
game,1973
game,1981
game,1985
game,1991
game,1997
game,2005
game,2013
game,2015
game,2023
game,2027
game,2031
game,2035
game,2037
game,2043
game,2047
game,2051
game,2055
game,2061
game,2065
game,2069
game,2071
game,2075
game,2079
game,2087
game,2095
game,2103
game,2105
game,2111
game,2115
game,2119
game,2123
game,2127
game,2131
game,2135
game,2139
game,2145
game,2155
game,2165
game,2173
game,2181
game,2189
game,2203
game,2207
game,2215
game,2219
game,2221
game,2229
game,2233
game,2241
game,2249
game,2257
game,2265
game,2273
none,2279
none,2283
none,2291
none,2299
none,2307
none,2315
none,2323
none,2331
none,2339
none,2347
none,2351
none,2361
none,2363
none,2365
none,2373
none,2379
none,2383
none,2385
none,2387
none,2391
none,2397
none,2399
none,2401
none,2405
none,2407
none,2409
none,2411
none,2421
none,2427
none,2435
none,2441
none,2451
none,2459
none,2461
game,2472
game,2476
game,2482
game,2488
game,2496
game,2502
game,2508
game,2514
game,2522
game,2526
game,2534
game,2542
game,2550
game,2554
game,2560
game,2564
game,2572
game,2580
game,2588
game,2594
game,2598
game,2604
game,2608
game,2614
game,2622
game,2630
game,2638
game,2646
game,2654
game,2662
game,2670
game,2678
game,2686
game,2694
none,2698
none,2700
none,2702
none,2714
none,2718
none,2726
none,2736
none,2748
none,2752
none,2756
none,2794
none,2796
none,2802
none,2806
none,2810
none,2814
none,2818
none,2822
game,2830
game,2834
game,2842
game,2850
game,2858
game,2866
game,2874
game,2882
game,2890
game,2898
game,2906
game,2914
game,2922
game,2930
game,2938
game,2946
game,2954
game,2962
game,2970
game,2978
game,2986
game,2994
game,3002
game,3010
game,3018
game,3026
game,3034
game,3042
game,3050
game,3054
game,3056
game,3058
game,3070
game,3080
game,3088
game,3096
game,3104
game,3110
game,3122
game,3134
game,3140
game,3150
game,3158
game,3166
game,3174
game,3182
game,3190
game,3196
game,3206
game,3214
game,3222
game,3230
game,3238
game,3246
game,3254
game,3262
game,3270
game,3278
game,3286
game,3294
game,3302
game,3310
game,3318
game,3326
game,3334
game,3342
game,3350
game,3358
game,3360
game,3364
game,3366
game,3370
game,3376
game,3378
game,3384
game,3386
game,3390
game,3394
game,3396
game,3402
game,3404
game,3408
game,3412
game,3416
game,3424
game,3432
game,3440
game,3448
game,3454
game,3460
game,3468
game,3476
game,3484
game,3492
game,3500
game,3508
game,3512
game,3516
game,3520
game,3524
game,3528
game,3532
game,3536
game,3540
game,3544
game,3548
game,3552
game,3558
game,3566
game,3574
game,3582
game,3590
game,3598
game,3606
game,3614
game,3622
game,3630
game,3638
game,3646
game,3654
game,3662
game,3670
game,3678
game,3686
game,3694
game,3702
game,3712
game,3722
game,3730
game,3738
game,3748
game,3758
game,3768
game,3778
game,3786
game,3796
game,3808
game,3818
game,3832
game,3836
game,3844
game,3848
game,3860
game,3872
game,3882
game,3888
game,3894
game,3900
game,3902
game,3908
game,3920
none,3932
none,3938
none,3940
none,3944
none,3948
none,3954
none,3974
none,3978
none,3982
none,3990
none,3996
none,4002
none,4012
none,4020
none,4026
none,4032
none,4040
game,4050
game,4064
game,4076
game,4086
game,4094
game,4102
game,4112
game,4126
game,4134
game,4138
game,4146
game,4154
game,4160
game,4166
game,4172
game,4178
game,4184
game,4192
game,4198
game,20
game,25
game,40
game,55
game,70
game,80
game,90
game,100
game,110
game,125
game,135
none,145
none,155
none,165
replay,225
replay,230
replay,235
replay,240
replay,245
replay,250
replay,255
replay,260
replay,265
replay,270
replay,275
replay,280
replay,285
replay,290
replay,295
none,300
none,305
game,365
game,370
game,385
game,405
game,425
game,440
game,455
game,470
game,485
game,505
game,525
game,545
game,555
game,570
game,585
game,595
game,605
game,615
game,645
game,725
game,835
replay,865
replay,870
replay,875
replay,880
replay,885
replay,890
replay,895
replay,900
replay,905
replay,910
replay,915
replay,920
replay,925
replay,930
replay,935
replay,940
replay,945
replay,950
replay,955
replay,960
replay,965
replay,970
replay,975
replay,980
replay,985
replay,990
replay,995
replay,1000
replay,1005
replay,1010
replay,1015
replay,1020
replay,1025
replay,1030
replay,1035
replay,1040
replay,1045
none,1050
replay,1055
replay,1060
replay,1065
replay,1070
replay,1075
replay,1080
replay,1085
replay,1090
replay,1095
replay,1100
replay,1105
replay,1110
replay,1115
replay,1120
replay,1125
replay,1130
replay,1135
replay,1140
replay,1145
replay,1150
replay,1155
replay,1160
replay,1165
replay,1170
replay,1175
replay,1180
replay,1185
replay,1190
replay,1195
replay,1200
replay,1205
replay,1210
game,1211
game,1221
game,1231
game,1241
game,1251
game,1261
game,1271
game,1281
game,1291
game,1301
game,1311
game,1321
game,1331
game,1341
game,1351
game,1361
game,1371
game,1381
game,1391
game,1396
game,1401
game,1411
game,1421
game,1431
game,1436
game,1446
game,1456
game,1466
game,1476
game,1486
game,1496
game,1506
game,1516
game,1526
game,1536
game,1546
game,1556
game,1566
game,1576
game,1586
replay,1596
replay,1596
replay,1601
replay,1606
replay,1611
replay,1616
replay,1621
replay,1626
replay,1631
replay,1636
replay,1641
replay,1646
replay,1651
replay,1656
replay,1661
replay,1666
replay,1671
replay,1676
replay,1681
replay,1686
replay,1691
replay,1696
replay,1701
replay,1706
replay,1711
replay,1716
replay,1721
replay,1726
replay,1731
replay,1736
replay,1741
replay,1746
replay,1751
replay,1756
replay,1761
replay,1766
game,1771
game,1776
game,1777
game,1787
game,1797
game,1807
game,1817
game,1827
game,1837
game,1847
game,1857
game,1867
game,1877
game,1887
game,1897
game,1907
game,1917
game,1927
game,1937
game,1947
game,1957
game,1967
game,1977
game,1987
game,1997
game,2007
game,2017
game,2027
game,2037
game,2047
game,2057
replay,2062
replay,2067
replay,2072
replay,2077
replay,2082
replay,2087
replay,2092
replay,2097
replay,2102
replay,2107
replay,2112
replay,2117
replay,2122
replay,2127
replay,2132
replay,2137
replay,2142
replay,2147
replay,2152
replay,2157
replay,2162
replay,2167
replay,2172
replay,2177
replay,2182
replay,2187
replay,2192
replay,2197
replay,2202
replay,2207
replay,2212
replay,2217
replay,2222
none,2227
replay,2232
replay,2237
replay,2242
replay,2247
replay,2252
replay,2257
replay,2262
replay,2267
replay,2272
replay,2277
replay,2282
replay,2287
replay,2292
replay,2297
replay,2302
replay,2307
replay,2312
replay,2317
replay,2322
replay,2327
replay,2332
replay,2337
replay,2342
game,2347
game,2352
game,2357
game,2402
game,2427
game,2437
game,2447
game,2457
game,2467
game,2477
game,2487
game,2497
game,2507
game,2517
game,2527
game,2537
game,2547
game,2557
game,2567
game,2577
game,2587
game,2597
game,2607
game,2617
game,2627
game,2637
game,2647
game,2657
game,2667
game,2677
game,2687
game,2697
game,2707
game,2712
game,2727
game,2742
game,2747
game,2762
game,2777
game,2787
game,2797
game,2807
game,2812
game,2822
game,2832
game,2837
game,2842
game,2852
game,2867
game,2882
game,2887
game,2897
game,2902
game,2917
game,2932
replay,2952
replay,2957
replay,2962
replay,2967
replay,2972
replay,2977
replay,2982
replay,2987
replay,2992
replay,2997
replay,3002
replay,3007
replay,3012
replay,3017
replay,3022
replay,3027
replay,3032
replay,3037
replay,3042
replay,3047
replay,3052
replay,3057
replay,3062
replay,3067
replay,3072
replay,3077
replay,3082
replay,3087
replay,3092
replay,3097
replay,3102
replay,3107
replay,3112
replay,3117
replay,3122
replay,3127
replay,3132
replay,3137
replay,3142
replay,3147
replay,3152
replay,3157
replay,3162
replay,3167
replay,3172
none,3177
none,3182
none,3187
none,3192
none,3197
none,3202
none,3207
game,3212
